,A,B,C,D
2000-01-01,0.3147146920642717,1.0875051725452685,0.19923273791915308,1.069739716780815
2000-01-02,0.5340340208567619,0.24023385246346007,1.5156442569241055,1.59592375992607
2000-01-03,-0.19618764405304756,0.3990663874735073,0.686524747858431,2.39737082539966
2000-01-04,-0.9868464925932343,0.010393870207320743,0.6059936980761577,2.54955969074892
2000-01-05,-0.47589467046469414,-0.37150360942226246,0.47568245859571745,2.587640291891564
2000-01-06,1.413720239636747,1.0606782231047212,0.5626001474881211,4.643056859767332
2000-01-07,1.1446953883009874,0.3035750820046559,0.7513503194384097,4.957706607778058
2000-01-08,0.6563863169637225,0.4428505077134106,0.26706202561247855,3.6130469107061165
2000-01-09,-0.7503152452953914,-1.6108532893359444,-0.22209165578671125,3.5717377851767114
2000-01-10,-0.9641233156811175,-2.338386810735848,-0.46994382078137625,3.211774248962217
2000-01-11,1.5678421046333195,-1.8321186673398353,-1.0884928573974386,5.198598859528731
2000-01-12,2.5342519273520865,1.0946134821960394,-1.6055514551352559,4.434896758860376
2000-01-13,2.639289119473575,0.3784131986070105,-2.3816535169144646,6.021739742538431
2000-01-14,1.5231600275414103,1.4958707645945346,-3.569111420636447,4.553336725934222
2000-01-15,1.7315155843327916,1.3142006100383574,-2.238372363358202,5.372966169677062
2000-01-16,2.545141155463492,1.329097349529972,-1.2174093252882652,5.556391456218665
2000-01-17,1.6183974537434946,1.5318883942512882,-1.610799015921385,4.200394071507367
2000-01-18,0.990607759307158,3.1788744071996247,-1.4400000974983207,2.914304849125232
2000-01-19,0.42769192335483175,2.3730981637390647,-0.8827084833160118,2.760516414153361
2000-01-20,1.2723064390224965,0.25951767722919916,0.31360460054170536,4.91611197133224
2000-01-21,1.4660948369188633,-0.2995657938798927,-0.016225990672934565,6.098566155475423
2000-01-22,1.5237838279530544,0.031851845494089925,-0.058097265442280645,5.914064869281859
2000-01-23,2.3182960480295725,0.43972049801543117,0.6974635389540279,5.896996338055686
2000-01-24,1.9722309830596612,0.12305926017796281,0.2745561462704167,6.703602803878297
2000-01-25,1.2468139169542456,0.22193461357937233,0.5678408071416498,7.515261163877746
2000-01-26,1.8941004480042025,1.858000942362505,0.9489816195176533,7.574848129348533
2000-01-27,2.2664862171593736,1.0311766067155197,1.7199259360686734,6.510554783778651
2000-01-28,2.309524028450742,1.3349084759972403,0.5167880561348712,7.100387575219457
2000-01-29,2.733571266425068,2.5631051152315165,0.40500271970893553,7.848659105884681
2000-01-30,2.9124121252786868,2.635002978757169,-2.28735899163736,7.187681871608987
2000-01-31,3.321018462289487,3.0252449515501554,-2.674177133760624,8.448511137818977
2000-02-01,3.3145355563575776,1.8251563360742336,-2.358209738400976,8.833180058021936
2000-02-02,2.39898229408144,0.7050739403162181,-3.0402678944707464,8.222720871080021
2000-02-03,1.2639677107768068,0.6900254246399485,-4.310161092883577,9.75284402309489
2000-02-04,1.0825754084582289,0.9388354524861015,-4.65392860150543,10.392391287496828
2000-02-05,0.8907441932898873,0.35375824409540935,-4.325628289538029,9.677815546728027
2000-02-06,1.5743357947120924,0.6713578847621836,-4.906300945015385,8.14488872883706
2000-02-07,2.1477657105104835,1.7826061583491493,-4.285441860710053,8.323809041947449
2000-02-08,1.6085743756570392,1.5105796246436394,-3.549413371871692,7.4747807289854915
2000-02-09,0.14603648479850606,0.5353589834500304,-2.3393758360280614,7.234892490374617
2000-02-10,-1.833919829085903,-0.547594751545471,-2.2983541824786733,7.003252738638142
2000-02-11,-1.938145056024386,-0.919354406629616,-1.2292107845755984,6.229666973082891
2000-02-12,-0.9063911347338034,0.5023294128186144,-0.8934107105341512,5.526938526238651
2000-02-13,0.34491977271421725,0.6353935203736614,-1.6651427566751908,5.430616826094832
2000-02-14,0.04390041174089032,1.4238626162159518,-0.7678161802819546,6.449614110430035
2000-02-15,0.0753760953936416,1.2110471357348664,0.1155082595432193,6.945227856229904
2000-02-16,0.1045508634033768,2.088060493952274,-0.6808070092530935,5.920683336394578
2000-02-17,0.5362044753721267,2.605433782618527,-0.8467608071957978,6.071492541509257
2000-02-18,1.2905785247824508,2.342891586183958,0.6764498992062041,5.688890237483931
2000-02-19,0.8909071757704103,4.237795174312697,-0.18869178927947994,5.082525231375477
2000-02-20,0.3242395839273464,5.740668353091733,-0.4088216183007213,5.973242013123078
2000-02-21,0.6875366608610464,5.0442457120639785,-0.8654214524305957,4.649474272315689
2000-02-22,3.1792740435366413,5.978221836493297,-1.4194980991689095,5.058107443389068
2000-02-23,2.9211304896874983,5.355604498148132,-1.4610675482167277,5.124049465008461
2000-02-24,4.662393242886804,4.490853703670346,-0.1160690723957083,5.465719252945847
2000-02-25,4.712385069181758,4.180881762838036,1.2978566477016473,4.494631232430251
2000-02-26,4.350527369236622,1.7765876433666064,0.7715709987395998,4.17362942438077
2000-02-27,4.085339206198457,0.7133214115088948,2.6262233417748826,3.3527473056017865
2000-02-28,4.308688981035003,-0.3728600644264999,2.45821263954094,3.808184451898977
2000-02-29,5.8474187197845655,-1.4836660240022603,3.620931061350482,2.2079062591390386
2000-03-01,6.687002934032268,-1.8731543114149023,2.91394267230278,2.7809166836929426
2000-03-02,7.290270263043751,-1.9710527893920284,3.0368868495766375,2.0087790097835807
2000-03-03,8.617875692175563,-1.9724350383392395,2.129985589476052,3.393248561095588
2000-03-04,8.447718396909222,-1.386253691040241,2.009134429267673,3.6337344473779543
2000-03-05,7.8473284851221194,-1.2117338926609442,3.044509283343076,2.636874552452957
2000-03-06,8.253985462743016,-1.478746192952452,2.4968523938424454,2.281334130978013
2000-03-07,7.52181698408324,-1.5610714934987033,2.60775433310131,3.1721417014103177
2000-03-08,6.923228874034898,-2.0091262362767432,2.578729232074165,4.467124817594472
2000-03-09,8.309922739284444,-2.6509323626150203,4.3880653601455135,2.3666206162837424
2000-03-10,7.327793503312096,-3.1278520280193765,3.3967185007711675,3.3418807276208806
2000-03-11,6.492203216082739,-3.2977854253797685,3.1607848163210277,4.2611947564127135
2000-03-12,6.996968136652437,-2.564864876452209,1.443430718182791,5.5955882348482655
2000-03-13,8.07773301944498,-2.2556344664483587,1.3774769397434412,5.933205143854368
2000-03-14,9.43068866537572,-1.9970207955006445,0.5515941425150451,6.466099219515872
2000-03-15,10.181385617087601,-2.2923480541426366,-0.37054609053926646,5.780291266118168
2000-03-16,10.171443997514492,-1.90572873895589,-0.5732850909001088,4.857206342793373
2000-03-17,11.539766982791427,-2.684356641923423,-0.41738560761962995,4.559907349935022
2000-03-18,12.257489171059579,-1.7771731122268268,-1.0452783087117175,4.674676764322609
2000-03-19,12.627974622603999,-1.012776833348455,0.13856296827767323,4.495359778962508
2000-03-20,13.149566264500347,-1.2652907755958145,0.5673177612450396,3.6276617841088097
2000-03-21,13.500109294460927,-1.2352961595940621,0.1631728775983648,4.315778367098206
2000-03-22,12.509060760229731,0.07032033453760933,-0.9409913329162387,5.213299298988416
2000-03-23,11.578157850934542,0.5401728238853146,-2.4117778052456744,7.213791580965262
2000-03-24,12.954075084552894,0.27857693622302077,-2.642793312992534,8.205175207999913
2000-03-25,11.672621056513842,0.38568218265675985,-2.2059697812357184,8.115990836335941
2000-03-26,12.559966340903495,1.7306370420076864,-3.218134777714739,7.67103526379063
2000-03-27,15.269645577954861,2.5563407804388367,-3.6794047416478826,7.481920614053568
2000-03-28,13.924366653209502,2.02110898236925,-2.359430295568943,6.598815710734597
2000-03-29,14.480264705791555,3.1101989058507122,-1.3589336925059636,7.46422998869714
2000-03-30,14.61682873267478,2.0910100769043973,-0.5585914086587233,10.819425355299447
2000-03-31,14.518374928108031,0.05240657473583887,-0.6128104679123978,11.328131164423224
2000-04-01,15.2098003226346,-0.6638642642907582,0.9218566148994709,10.678694081481416
2000-04-02,16.435118017600423,-0.703712842995781,0.9329057309778497,10.853634110561398
2000-04-03,17.561066915882527,-0.5643020175393844,2.410378305617131,9.888238489695333
2000-04-04,17.12880267469085,-1.1125263337259534,3.0251281026502017,10.241095193420708
2000-04-05,18.1636755882186,-1.045186142688996,2.8350383797355527,9.449944805889979
2000-04-06,17.560247991308447,-1.3746998645447173,1.8663573889262053,9.884393081737972
2000-04-07,19.105727133708342,-2.298144952903635,3.427343232203262,10.345191572841216
2000-04-08,18.06717975506519,-1.6152110753257698,4.379409104192965,9.348836897041696
2000-04-09,19.37820563459746,-2.723199509675033,5.3852938033316065,9.197749670410722
2000-04-10,18.193979862756425,-3.369272775060057,4.590963929546142,9.953555706920852
2000-04-11,17.66968043296409,-3.3658677833452,5.90102467696394,10.329493978925745
2000-04-12,16.914262047730855,-4.735322525354697,5.826294227695672,9.844307457569592
2000-04-13,17.360992573167874,-4.520972196720302,5.278019201011318,8.726762304614402
2000-04-14,17.11403450754823,-4.3471125931182915,5.160046211592491,9.503525994348804
2000-04-15,16.484549395198798,-4.013822478061415,4.581432796257328,10.538217221023796
2000-04-16,15.677340020323392,-4.342286203421814,3.7283208759695388,10.453267185260051
2000-04-17,14.768380609428638,-5.170918142677752,5.078938577393034,11.572807580259173
2000-04-18,14.357928098412245,-5.868415700727567,4.494597020661879,11.213353404160257
2000-04-19,15.036159654709866,-6.0505974515219165,4.025954094228352,12.454998493479357
2000-04-20,14.004608310341046,-6.957973856675995,5.472062035671899,12.457892357233211
2000-04-21,12.988345374798886,-7.304145481811925,6.169608019127695,12.48390190711947
2000-04-22,12.506441366857658,-7.714167441983667,6.795284901587753,14.318343457297376
2000-04-23,12.322052783343349,-9.52196572395087,6.5573390387137644,15.125022083022728
2000-04-24,11.986242832001471,-8.965185218897057,5.202385636009599,15.565447476664907
2000-04-25,9.917771675704351,-9.603178970772298,4.335495484244651,16.371752303121283
2000-04-26,10.570597649137468,-10.482062879090893,6.006649771951279,15.564201690387494
2000-04-27,10.357940297661012,-11.483160033982424,6.051409772896708,16.365062459002342
2000-04-28,9.740479795869229,-12.328685400052313,7.101734989959777,17.5192822923044
2000-04-29,8.86446582612965,-13.337645156066824,7.074217731394866,16.38446925902724
2000-04-30,10.703447464590322,-14.124275812949104,6.204634256099927,17.303800752403415
2000-05-01,11.761379400131249,-12.77716646959839,6.707191036450405,18.81142046952949
2000-05-02,11.465082278338068,-13.631180000138295,8.774640140929899,19.863031425577354
2000-05-03,11.555697657339225,-14.133973009470674,9.505034611999871,19.275576782954637
2000-05-04,11.212033856485766,-15.864638051328953,8.822693497559301,17.177318776372474
2000-05-05,10.88936617650372,-16.823404209054175,9.67891478458733,17.575459263735137
2000-05-06,11.542052802250662,-16.888036021305748,8.720810026268127,17.940113926492074
2000-05-07,11.943990653038744,-18.40727834641087,8.164216328813959,17.593868482262145
2000-05-08,13.137780476484636,-18.96498908186382,8.868912934101175,17.89385074962479
2000-05-09,13.232469809620694,-19.055715035703553,9.675532456277823,17.633185759764817
2000-05-10,12.575882913879294,-18.70964759781125,10.715945404712691,17.109719746600668
2000-05-11,12.116382952506047,-17.912828343738155,11.512699002768214,14.47887037420131
2000-05-12,11.489030170148409,-16.137195475306413,11.795475262719393,14.295440709807403
2000-05-13,11.188628274591055,-15.380871698517849,9.675224491305183,13.963040052178002
2000-05-14,13.176876104336124,-16.088764958901223,8.237460278383946,14.336476600564021
2000-05-15,10.468876701660655,-16.732526787104376,6.7570575895966725,14.187655105123449
2000-05-16,10.03379501722854,-15.835427945531762,7.522425773485276,13.979701235172119
2000-05-17,9.170448612920413,-16.004061943658147,6.699184655401462,15.305410198826953
2000-05-18,10.318391179949,-14.742244122869767,6.084056770909422,16.03594062896597
2000-05-19,9.9146756933684,-13.102966285880361,6.999186687352159,15.576405421092753
2000-05-20,8.792438251050442,-12.976584185185455,4.8437015434369455,16.475777948000324
2000-05-21,9.730011652200195,-13.579687554020618,3.299182938310439,17.71956384101866
2000-05-22,8.669948779576334,-12.865214994041938,3.4773328508318397,16.070930018859492
2000-05-23,8.641718613963489,-11.807011283643796,2.736167659566034,15.332132207144738
2000-05-24,10.242221429464312,-11.465437982374029,2.0398597495815975,14.929914472558083
2000-05-25,11.533657081137328,-12.080913246454104,1.504351024937653,14.225858647545767
2000-05-26,10.473656889723935,-14.102235921572417,1.1530300590147422,15.164025173601328
2000-05-27,11.979786532029081,-13.846118623545468,1.976237239238002,14.681563798445522
2000-05-28,11.448991744230435,-12.474506318461039,1.3807253174502465,15.200246887004576
2000-05-29,10.694306823567688,-12.893378042198043,2.475361845018167,17.070951076134115
2000-05-30,10.16236072369418,-14.04609461570155,1.2752253530973994,18.346386052478614
2000-05-31,11.007837719992578,-13.992432902959118,0.2718769292503691,19.283826043210542
2000-06-01,9.794800688193737,-13.78928627519524,0.032683765807084236,18.995003150136583
2000-06-02,9.282278064021998,-13.662662600702092,0.8984991125173335,19.05144971994631
2000-06-03,10.06039706547755,-15.22570337057368,1.5929604548447904,18.224036783442937
2000-06-04,9.434724018152988,-16.176601434239757,0.4976326209335169,19.13676527160101
2000-06-05,9.380970737496156,-14.444889972317894,0.45423207966478646,19.521201769766925
2000-06-06,10.77096533045607,-14.116085656404906,-1.289314288428243,21.410343504591935
2000-06-07,9.231539921750823,-15.848547814241405,-1.776562071228588,22.08329873420314
2000-06-08,10.174253785967213,-15.23980674949828,-0.5343116820463116,21.463791706314872
2000-06-09,8.357006514060437,-14.703866129822469,-0.09894946814485411,20.42552202833771
2000-06-10,8.205193459698041,-13.929282850976067,0.9944867282310663,21.087758569081952
2000-06-11,9.289399099392105,-13.883231170523008,2.6263906179305576,19.285364174948064
2000-06-12,10.040438297305718,-13.603533171629483,1.9725815146562238,19.338706976234427
2000-06-13,9.735469197592213,-14.696447111069801,2.724027185355899,19.976413179074317
2000-06-14,10.656214065090102,-13.872039851910964,2.473447750563725,20.518675008337162
2000-06-15,9.47259951981689,-13.248261737800696,1.905815286552029,22.28912393309934
2000-06-16,9.703851709032776,-14.163102537118316,2.0014151871018275,22.283749248881286
2000-06-17,9.4586632168399,-13.311115063640809,1.5862037834572553,22.932167027246372
2000-06-18,11.529465170291644,-13.014125613421815,1.318704557276426,23.003286299266954
2000-06-19,11.168950048286353,-14.555400818333597,1.7948945591820815,23.054132676639767
2000-06-20,10.399205541369772,-15.351983597734499,1.465881160196898,23.989153757880768
2000-06-21,10.815588754500656,-13.956693860160128,1.4343962577556804,24.626519517302967
2000-06-22,10.057041825800198,-13.99915558958981,2.3144491812800254,24.182402200867003
2000-06-23,9.43493212646531,-14.645954972146313,3.5017894226951696,25.916788092511858
2000-06-24,9.079505959823823,-16.003996274790705,3.4144680705072092,26.28017962951963
2000-06-25,8.7316406551158,-13.451506160880054,4.018285725405892,26.330135411196732
2000-06-26,9.599852227322026,-13.352311894057149,3.3084083418914783,25.231101881917088
2000-06-27,10.61745346251226,-11.967541671825604,3.133924096422279,24.42167500526714
2000-06-28,11.213583046043484,-12.65811897754237,2.759338514609623,25.381360418269967
2000-06-29,9.529149638747828,-12.156082937853382,3.118134162848854,24.933290901067075
2000-06-30,9.712665697114494,-12.290992027555738,2.522188849273441,25.305366851081313
2000-07-01,10.647441038987678,-13.068817743029504,3.0621884201975527,25.354270043586688
2000-07-02,10.47029471169629,-12.702872663851624,2.0920475239730387,26.62881524686945
2000-07-03,10.766821318989313,-13.09056576786202,2.6919367540898547,24.936402627504094
2000-07-04,9.416350782885601,-13.19782769812577,4.302980089150861,25.048820786937952
2000-07-05,9.997282689985587,-12.816740677190543,4.091245880825412,25.301697501606494
2000-07-06,10.727840828692331,-11.240248671096102,4.7733374255594105,26.762201389398356
2000-07-07,10.733816292654504,-10.29522913063452,4.109569522607327,28.180920084822276
2000-07-08,9.90316401794261,-11.749986801986164,3.6171282773629816,26.936121362190182
2000-07-09,9.159930938513366,-12.43835122648175,5.6655950935897454,27.884453672693162
2000-07-10,9.701566420783722,-12.959038338008956,6.528064441170193,27.718772351017112
2000-07-11,10.999051948927255,-12.583398866375347,5.181831887214112,27.960806158278487
2000-07-12,10.494472496049374,-11.22695978932623,4.571458496107803,27.89013104091272
2000-07-13,10.985268534321936,-11.78805749202031,7.050249416120973,27.27700134690614
2000-07-14,8.848239195500193,-12.26540420079654,5.537484541637782,26.58733480769551
2000-07-15,10.660339700340579,-12.230483253944795,4.346291010159993,23.755102601592196
2000-07-16,10.624858297699115,-11.670000009282559,4.357167205710339,24.49094786727674
2000-07-17,11.023804412393757,-11.821490074907157,3.906670903696004,23.931290075567954
2000-07-18,10.614574180253358,-13.89502009963958,2.7989737873299996,24.919353171501953
2000-07-19,9.50260558434724,-14.245464701892908,2.094106247333874,24.101887985947723
2000-07-20,10.255718708166826,-12.683224158393758,2.449812484003456,24.466181424166383
2000-07-21,10.44948361241763,-12.509035217418598,0.8081516290010688,22.477392529290345
2000-07-22,11.20440227504418,-11.732357308084387,1.33697212099114,22.643096794613967
2000-07-23,10.217343645732997,-12.396188147771344,1.4056596537575239,20.755002618564063
2000-07-24,11.778839541831196,-14.74129552356506,0.4637504100288209,21.915747089232784
2000-07-25,10.39081649570849,-15.022528333325639,1.616719685112257,22.109258497559516
2000-07-26,10.944611291090258,-13.734250775447071,2.5388151973498787,21.16925087920134
2000-07-27,11.140383943429857,-11.59380862589315,0.2329448618778467,21.307322895473312
2000-07-28,11.212962116352927,-11.335846362810129,0.7380114109346957,21.304334232137837
2000-07-29,12.253743348241592,-10.756458474026951,0.8698219642135223,19.926968148045102
2000-07-30,10.308328313863386,-10.381974535749317,1.5351210491020169,18.32108649429707
2000-07-31,10.217183294907672,-10.286470066514065,1.2126699696196384,18.608384047765824
2000-08-01,9.871753461925927,-9.848352889054947,2.5693231287804092,19.59848024367843
2000-08-02,9.169729964346752,-9.925716750469801,2.798488093819196,19.611748574442093
2000-08-03,8.485899666683245,-10.669724082861975,4.438245056790909,20.238453501083423
2000-08-04,7.466579968759524,-10.457580143485655,5.192929677228651,20.932875363045248
2000-08-05,7.874695912378244,-10.623455149092642,4.772296894810989,19.899222662322103
2000-08-06,7.4215378609899405,-9.7748865466222,4.172380722021582,19.795831014750846
2000-08-07,6.285747584092776,-8.434542741640819,4.367390780766913,18.892660748548504
2000-08-08,5.736061583067225,-9.124618767422604,3.5672494321526393,19.16934641398414
2000-08-09,6.881857369808218,-10.219383037412532,4.451657205514219,19.255869768454666
2000-08-10,6.182280323855975,-11.945281003423425,4.166266105815211,21.619094336958224
2000-08-11,5.823990339446187,-13.304124394106799,6.388269781173278,21.278384511324354
2000-08-12,7.863960246045687,-13.442087446505107,5.24941956209125,20.04861052314434
2000-08-13,7.1879059063957,-14.004875360738533,6.868163534665549,21.212428329452482
2000-08-14,6.833571301364194,-14.559415978682658,7.19070008063387,18.625422212007948
2000-08-15,7.029223938154213,-14.917559723234563,8.173395654952484,19.10780146310211
2000-08-16,6.353298766710339,-15.470934435962205,9.253069651849035,21.025328983354576
2000-08-17,7.2073745450814295,-17.549470164447918,9.990619046246053,22.031730501251076
2000-08-18,6.528592002002976,-19.175141361666547,10.469047115575716,22.34247559101223
2000-08-19,6.906367074601112,-18.06147868651082,10.226316816479875,20.179472577985752
2000-08-20,7.402514081543567,-17.94797688890775,10.47358270264666,17.220262914642195
2000-08-21,7.142323996602829,-20.100939056880474,8.925675409602384,17.910091497661625
2000-08-22,8.861997649846618,-20.318447530760107,10.948227786354552,18.103234195119423
2000-08-23,8.10832191777166,-20.838945509800173,10.576289780627535,17.836420265536127
2000-08-24,8.843270628876672,-21.041163568906086,10.944046460289217,17.60112871779786
2000-08-25,7.332308491192794,-19.185510529665514,11.064170499666902,16.771173654622963
2000-08-26,8.159924554082412,-19.500879062438933,12.092064746987502,15.590993063106769
2000-08-27,7.385255378924754,-20.181017000307875,10.403130774059216,14.464413815231026
2000-08-28,7.059586541807215,-21.003240016963602,10.648200119790966,14.776211256790756
2000-08-29,7.394210398193968,-21.01539966230726,10.115545180736312,15.293492400423158
2000-08-30,8.82965831115694,-21.40505589856424,8.14648453395321,16.260981869138966
2000-08-31,7.250118087058122,-21.818658314166676,8.165929917506839,16.66162157953039
2000-09-01,6.179352520165767,-21.48816247813071,8.170846740343016,16.002350889865813
2000-09-02,5.882933700690392,-20.88136548129148,8.210599158853613,14.939312801355772
2000-09-03,5.109337128124152,-21.667780796575318,7.244444203679271,15.0413875632156
2000-09-04,5.765542866123708,-23.171459946595405,6.931988442065794,14.679045410978869
2000-09-05,5.234688471564757,-24.363499414804426,8.247494691078185,14.722629049474639
2000-09-06,5.39271607707896,-25.02089397818173,9.661190750747517,13.938969859366784
2000-09-07,5.899281863897373,-24.362437105384696,10.7370084921781,16.069967444328867
2000-09-08,5.071806857155139,-24.296144695320162,9.666202102361336,15.19376055474402
2000-09-09,5.844014058907126,-23.462137215552602,10.928748379091555,14.29321292522284
2000-09-10,4.548678555968516,-23.10186081006184,12.020549320467039,14.061342306458815
2000-09-11,6.027200228473298,-21.715976087381918,11.07408276607103,13.909097064538974
2000-09-12,5.303414856904682,-20.935114322094705,11.28040529918948,14.540288627274435
2000-09-13,7.22579896845043,-22.017498739507896,12.069252812483793,15.22097343052556
2000-09-14,6.0978329500312825,-23.544147522778584,13.227650937380854,14.855387447564203
2000-09-15,4.932778635272424,-22.339815012636524,13.505252549780923,14.941326417099084
2000-09-16,6.959947616032759,-23.47636842749903,13.531600876370835,13.268945087499377
2000-09-17,6.868024431573808,-24.012663350531664,12.154524775590279,12.172939689155372
2000-09-18,6.506883140371718,-22.96418902484472,11.232648973262918,9.521028902045263
2000-09-19,5.713654790313095,-22.754439471644655,11.209737477004419,9.28732387910051
2000-09-20,4.963942332604763,-23.940027584109465,11.1055885767869,8.372548671506381
2000-09-21,4.948584714892296,-25.291933106713955,10.464141443083076,8.270154343390606
2000-09-22,3.3965009045577803,-27.221930295839215,10.988029859428067,8.614599842725868
2000-09-23,2.286989886032706,-28.03317169581057,10.591574342061696,9.398012985042596
2000-09-24,2.3649901676568406,-28.320559851320894,9.923431334180634,9.550383656881014
2000-09-25,3.5728515617785446,-26.606310038672426,10.111084375651048,8.571573658020057
2000-09-26,3.210029663031748,-26.365399751622505,9.724956840101685,7.7706886190001345
2000-09-27,4.797883304151095,-27.21016965626789,8.404047294671178,7.810396119627101
2000-09-28,5.6040715280579265,-26.06762233079166,8.174303366813268,8.205147024137073
2000-09-29,6.507487432360919,-26.428594287689734,7.691164295964821,7.013527764807489
2000-09-30,4.6536772001646876,-25.42330666740187,8.677182364744166,8.154482835760957
2000-10-01,6.136048276177386,-25.170226116992403,10.1023200175246,8.678370204519597
2000-10-02,6.244452798090506,-24.58309900358428,10.872352161046745,7.475630859400193
2000-10-03,5.389540892654496,-25.81671801202007,10.74871602319796,6.6585535254406585
2000-10-04,4.730987215376359,-27.868607304414404,9.213737726177666,7.224557517438276
2000-10-05,4.5427354520271965,-27.593584533107784,7.865502884159141,5.784939210052402
2000-10-06,4.092948979495017,-26.253537659471178,7.585955417630469,5.625745816281716
2000-10-07,3.8086535367323795,-26.228547957314852,7.859598820620754,5.6900449537444375
2000-10-08,5.386715101933701,-25.495345717725527,7.716368185187891,6.1501793389430075
2000-10-09,4.996171397150368,-22.643226810445146,8.168099395179864,7.415309621639333
2000-10-10,4.373707351179185,-22.918798098267636,9.166174101019037,5.91125012622323
2000-10-11,4.299858056349276,-24.040685392006765,8.994282194526853,3.8675486706781044
2000-10-12,4.867549765745903,-24.902577756477584,8.357822744265812,3.0786193011493723
2000-10-13,2.917593308238441,-23.721323523301674,10.735831220490029,3.394088785338273
2000-10-14,4.66220052413796,-23.68725244328081,10.86099239997869,4.748184249167298
2000-10-15,4.841082456805707,-23.519886924909276,11.81908437357361,5.6620704885271325
2000-10-16,5.451056690147451,-23.7831853655094,10.560557719491909,6.093889978552975
2000-10-17,5.526744707158684,-25.204556288785213,8.967225097972658,5.61479882324863
2000-10-18,6.119304274933603,-26.273581447677753,10.353227536754366,4.516110401987442
2000-10-19,5.798560006223269,-25.75779009108386,11.744155125245682,4.528080331817882
2000-10-20,7.214393453052717,-24.76264630128708,11.02384653796228,4.850162557269616
2000-10-21,7.7163619631672615,-23.565641507299098,10.394652333925233,4.64206300107281
2000-10-22,8.938598021308628,-24.067214520043738,11.061832748020702,6.143954904157443
2000-10-23,7.972995552645915,-23.227498445223937,11.412809455667759,6.693827743690694
2000-10-24,8.712553322545048,-23.080595190628323,11.19737367169124,6.933528653356788
2000-10-25,10.8791509886855,-22.954662194738997,11.224044645761872,5.533642543354463
2000-10-26,11.472057190583136,-21.696562871261698,13.241794546851207,4.8197564092832135
2000-10-27,11.875345171608936,-21.76198072760241,12.483288036207192,6.729397904139727
2000-10-28,12.174558622675953,-22.521327076147728,12.276220080135996,7.600694752021788
2000-10-29,10.856807311370922,-21.6469555515002,12.726082010235665,6.85411213580295
2000-10-30,11.029865328751233,-19.569663705426855,12.566208589111987,6.795834948197353
2000-10-31,10.09554498243246,-19.33415149305437,13.265335006150824,6.64938175968839
2000-11-01,9.72179990502034,-18.355560666343415,14.043260766937372,8.375456430911983
2000-11-02,10.265290140341504,-19.758343276264696,14.146687513481845,9.8840232728352
2000-11-03,10.838304348221271,-17.96271191537262,14.037777162372356,10.321366549328364
2000-11-04,9.969084289292267,-18.649431827498514,14.049355782969064,9.115173125295577
2000-11-05,11.627063608583871,-17.78119976885169,13.885537633847807,10.750904193255097
2000-11-06,12.730350765707101,-17.928594341737316,13.969231785064965,10.709954088330212
2000-11-07,12.955916035536516,-17.15500459176009,13.723964830968614,11.207482979562311
2000-11-08,14.46256021002891,-16.643092206158084,12.610372348215154,10.645929303997612
2000-11-09,15.663017382043696,-17.192098031217206,10.47332989570847,10.623337683545218
2000-11-10,15.42494753579024,-17.070883394756386,10.480141326833483,11.460196942111443
2000-11-11,15.2681034269594,-18.316213880215138,10.175728576846124,9.950933191956922
2000-11-12,12.622397961397569,-18.32558882905503,9.815290290729948,10.389540251764188
2000-11-13,11.442304517300144,-18.78445813438683,8.693190685059246,10.387221106981405
2000-11-14,11.158530665384582,-19.17390339341929,8.536455402336278,9.89183233263135
2000-11-15,10.559476696946026,-20.12037840926463,10.714151839271715,10.987964416041397
2000-11-16,9.498357058376113,-19.007435571453446,10.939503940319957,11.085127362207695
2000-11-17,8.826621584784082,-19.29296255430891,9.897924786835917,9.958242309751682
2000-11-18,9.429970338070783,-19.396913451608548,9.463852361172043,9.711680879554626
2000-11-19,8.11947866583228,-19.684762839030295,9.541637964461897,11.418976100773582
2000-11-20,6.124095181229042,-19.18993982661285,8.849136469207613,9.602390279876621
2000-11-21,6.545452848013677,-18.960071776086867,7.405630840679699,10.011532423234815
2000-11-22,6.602651686122806,-18.1250988273585,7.664318873467698,11.466913829107604
2000-11-23,8.877457883716554,-19.44708808221057,6.353259310299531,11.158390829563265
2000-11-24,9.242557319606448,-20.38828451518113,5.804371319776776,10.933945841289086
2000-11-25,9.74952033111797,-20.895545694194293,7.595346023974655,11.03772832416383
2000-11-26,10.304222664672796,-21.52181682302867,7.325906939607522,9.7557418979504
2000-11-27,11.050291770857463,-21.365928270671425,6.940146136218315,9.545292847209943
2000-11-28,9.922647345981483,-21.506958289285603,7.102227494086622,8.776958556467935
2000-11-29,11.475064347679515,-22.402053643169705,6.981354095334854,8.215183979582925
2000-11-30,11.613031299825883,-22.067876764933843,7.372443839603603,8.276199432542208
2000-12-01,12.467958363617074,-22.30787353337863,6.830841508967778,9.783180665922194
2000-12-02,12.11039965645877,-23.31668538136928,6.68300482827594,9.4437462675448
2000-12-03,12.69343120398826,-23.145288744976124,5.168934535497295,7.250937166426154
2000-12-04,12.240657921424315,-22.221896889083567,5.911282492239448,6.465964213822095
2000-12-05,13.504718147243139,-21.142176743230763,5.908292519024564,6.522313514523931
2000-12-06,12.880589907509519,-22.042010337150728,6.26946375646153,5.625217643219491
2000-12-07,13.511303804582349,-22.217001641817347,5.906588989427665,5.564054113339669
2000-12-08,13.12809748486585,-23.52576039344164,5.603245733211491,6.495067213769131
2000-12-09,12.440187900809047,-23.335106150836896,5.470734248268231,7.000510823579351
2000-12-10,13.151403169745397,-27.44419264444945,4.914537610861176,7.904529651831037
2000-12-11,13.170781247918804,-26.027084479419603,4.988960730810675,8.254648695377563
2000-12-12,12.591499496239221,-24.502566651939134,6.197957255104117,6.8325948396715095
2000-12-13,11.698624604451268,-23.74221486285783,6.198957003594095,6.169517478153257
2000-12-14,11.02594507810045,-23.91928531246299,6.6659150484139555,4.217854618827642
2000-12-15,11.066839588326497,-24.228531759066005,7.208342010007804,4.202136365862884
2000-12-16,10.032506581409901,-23.56049651986756,6.7967770079933665,3.3257862764600703
2000-12-17,9.92021428836082,-21.85322000667558,7.514644165144607,3.5625712900529467
2000-12-18,10.931714094498773,-21.3005191342914,7.154206405105815,5.131811086399402
2000-12-19,11.21166944884389,-22.301985176978086,6.28862572963622,4.583766664181876
2000-12-20,11.347953621596282,-22.920004132641722,8.113151594621925,5.555908590246053
2000-12-21,12.056244672876602,-22.46891439490752,8.66266900691719,3.8427213473173776
2000-12-22,12.624620193229092,-22.138992083538056,7.43967902741037,5.767997054500239
2000-12-23,11.773087709499592,-22.72393378172143,8.18836703712662,4.535933383576412
2000-12-24,11.74563387597238,-21.64601231457378,6.6898646431557465,2.50633104178063
2000-12-25,13.167825878451337,-23.072114660622162,7.061763456938627,3.3601065624514237
2000-12-26,13.02710920509299,-23.560872726452686,8.53692116223769,3.5560436433173273
2000-12-27,11.843479562901738,-23.300425077104734,9.084538711916927,4.735166832370398
2000-12-28,11.458938701672881,-24.687305303141915,9.024007676891907,6.033362020064631
2000-12-29,11.865956520005243,-24.221120588544323,9.798877746228124,6.482573568430965
2000-12-30,12.566886139099557,-25.71248270494663,10.18133781429273,7.4429630290389746
2000-12-31,13.296470619738225,-25.561097244602514,9.71657217974867,5.67076475619648
2001-01-01,12.532815348691084,-25.600695112312927,9.639606028878829,5.778867057695047
2001-01-02,12.38473080628503,-25.31186588468781,8.803366903905577,7.070296389398863
2001-01-03,12.12661165802149,-25.280740703407623,9.211261415900832,6.930149898752206
2001-01-04,13.900844406704863,-26.52992311197535,9.823138315041227,6.816329041538114
2001-01-05,14.170215474842676,-25.80151713082405,10.58449804566323,7.742448840677125
2001-01-06,13.489180550609722,-23.88508659948957,13.269541854758053,7.776637378726405
2001-01-07,14.446865419354385,-23.506903608464164,13.643382975217575,9.12208419988528
2001-01-08,15.491161803722248,-25.106740124791195,13.949700175141317,8.633576369934572
2001-01-09,15.828919472062426,-25.7551397770296,13.263523359758992,9.277865886520914
2001-01-10,16.774086581876002,-25.820400565769038,12.946318111994824,9.241085553403895
2001-01-11,14.594588318283051,-25.323112099987036,13.86923863975648,9.703618813595934
2001-01-12,14.554962287573135,-25.546001113264083,13.536922452611691,11.173119659641486
2001-01-13,16.405698340169913,-25.84003110924839,13.159823857639635,12.802845816402415
2001-01-14,18.22196082907277,-24.811977368117127,13.015744542298734,14.536786674587205
2001-01-15,18.44598656286317,-24.608901410305542,12.565604808677369,14.148945395706695
2001-01-16,17.904268070770385,-25.999953519007132,12.136338338755628,15.34093353014473
2001-01-17,18.565792951265795,-24.8674250955921,12.086877267517954,15.44445144130156
2001-01-18,18.675797644251027,-24.938658911952565,10.567601901519746,13.758739108495712
2001-01-19,17.221754149225944,-25.060634271650738,10.802842727322464,13.050645307038074
2001-01-20,17.535302973198633,-23.024212538592913,12.244369225379343,14.711806680280626
2001-01-21,19.468365847025574,-24.12895850395036,11.239008610033707,14.141078496638492
2001-01-22,19.516890243411744,-23.692628525764952,11.358028241613518,15.239499421219541
2001-01-23,19.23667329878246,-25.300573518256943,11.578721472473141,15.412602191484153
2001-01-24,19.952367097133138,-24.7486900016346,11.913549800670665,14.74760190723221
2001-01-25,20.560493207940297,-25.184240891069475,10.689002683129733,14.783628611159497
2001-01-26,18.800717453996782,-24.2243357718967,12.35634185507204,14.178770822854919
2001-01-27,18.69980343544089,-22.99582344384427,13.3554181652812,13.375746421996121
2001-01-28,19.256218147920514,-24.239627774501148,14.555496641639166,15.50348422924906
2001-01-29,18.474512891953758,-25.28371114338121,15.809524765956189,15.77776741319119
2001-01-30,17.594966042437765,-26.27644850591722,17.071924458699538,15.288274833475302
2001-01-31,18.09778342401234,-26.725855226135618,17.958272802013557,15.885974820887554
2001-02-01,18.38260717970571,-26.828320577838742,17.673691115397485,15.160396469267361
2001-02-02,18.865785035787347,-26.903881605470673,18.728872504785997,15.888890575534198
2001-02-03,19.218992733809394,-26.34068591073286,18.800267395305973,16.570017543398638
2001-02-04,19.254172020874712,-25.6770910655024,18.527216967490517,17.837978037247964
2001-02-05,18.75539890864629,-25.556957267511542,18.248084563192823,16.75061255251671
2001-02-06,17.843401837324357,-27.937572219535088,18.95604164141146,16.327559716485183
2001-02-07,17.562054205015425,-28.53807982789107,19.622207175739717,15.248706227719751
2001-02-08,17.91040690841033,-28.18936101202714,18.020014476463004,14.395360487755655
2001-02-09,15.767702549890068,-27.264897822466487,17.60657070513664,14.800364243237349
2001-02-10,16.405903665454492,-27.807369353044333,18.872231952722487,16.279839130364707
2001-02-11,18.449456509314366,-27.132099636142577,19.433380736429054,16.986045927179045
2001-02-12,18.03665164345124,-27.55029575288713,19.697531532992382,18.553617796988476
2001-02-13,18.75745359648698,-28.868341819176816,22.15374745462785,17.787580805548227
2001-02-14,18.710248664785258,-28.92626885389058,21.599655372012595,16.702158462611234
2001-02-15,19.581006365924235,-28.31662746502727,19.684914663813597,17.188019526967064
2001-02-16,21.202997988995662,-28.710455014914206,20.10583666441145,16.71546094394981
2001-02-17,23.269088047692613,-29.433444986858227,21.294069258695124,15.472678950700686
2001-02-18,22.64918329846592,-31.9667204814558,21.057976121181397,15.9300290042417
2001-02-19,22.130834549388652,-34.41938299238935,20.992343879985075,17.052438422219048
2001-02-20,21.621164842599175,-36.3219812268338,20.54242877139933,16.010577921931024
2001-02-21,21.24316821347977,-37.55171340996464,20.8597730620272,15.340745848774795
2001-02-22,20.464146706483007,-36.77306169198483,23.61333034602481,16.401895329398233
2001-02-23,19.71988727256601,-38.00906500616211,21.832989686263073,15.8597462272607
2001-02-24,18.380404103166867,-38.93689001474719,21.263257194750324,15.224370799365795
2001-02-25,18.877503243989327,-39.824436837864084,21.515957652640154,15.226391027447571
2001-02-26,19.121160100970368,-39.77023205373123,21.344903057206768,17.87948426739986
2001-02-27,20.47495005524748,-40.506083229122815,22.358969016592432,18.45462171589724
2001-02-28,19.099236111979522,-40.81045334509993,22.450206212725057,17.99138068751247
2001-03-01,20.898982835713124,-40.39358951705455,22.15463151418514,17.900412525989772
2001-03-02,20.26228600519056,-40.75094486529288,20.865739336897004,17.377624460539757
2001-03-03,20.56657576171132,-42.01060264962806,20.68334334743158,19.836267995061093
2001-03-04,19.31297594012247,-41.99982986748913,18.159929008033647,19.11217375309723
2001-03-05,17.228791084736137,-41.30457768109739,18.358357534486203,16.640656877313038
2001-03-06,18.471768308829052,-40.13134140864622,17.12381321391142,17.931222850483078
2001-03-07,19.34035003065826,-40.01740909849986,15.702665799637625,19.30821273499969
2001-03-08,18.778513002966186,-39.12531894103084,16.931957035761325,19.432751985877868
2001-03-09,19.154624614230997,-40.9462103307493,16.312359037354977,18.31279310324617
2001-03-10,17.48768138329988,-39.779980998686156,18.57634438248573,18.341709934868483
2001-03-11,19.167847297698007,-40.40562069488534,18.330630813278646,16.67598132695681
2001-03-12,20.27281845235402,-40.91068942776091,17.5031535915768,16.539630821632123
2001-03-13,19.211932829245075,-41.243702509870914,18.869350956859595,16.407689537374317
2001-03-14,20.61574906355649,-41.266773441094905,18.813033570032093,16.159180143985044
2001-03-15,21.989938390669845,-40.48508675717013,19.44083397378192,16.751377082389226
2001-03-16,22.052762792022726,-39.90879635503109,19.99853037981501,16.702652118263313
2001-03-17,22.849563405137058,-38.26165828524851,21.249098545615578,16.682909778686085
2001-03-18,21.77666548232334,-39.42359452156035,22.37415144678058,16.582408205485393
2001-03-19,20.6165474983138,-39.825223685080985,22.964725468775455,16.488802708619698
2001-03-20,19.904208148341734,-40.36432002105473,25.11182179428069,14.837998745615936
2001-03-21,20.026325807269544,-40.68930183018353,25.140462751100234,13.80906066619303
2001-03-22,17.428687912407373,-39.819950594916044,23.533539098008415,13.041874038587975
2001-03-23,18.135921486711926,-38.186750380539124,23.449833969065956,14.38491795022093
2001-03-24,17.65077163674867,-38.62211321706719,24.59247590574628,13.571179900844303
2001-03-25,18.605523817642972,-37.83623230482225,23.926903139945907,11.919334921931066
2001-03-26,18.322773111324942,-38.637527748148635,24.263318076437447,12.181558871281174
2001-03-27,16.113340387014325,-38.55546394333851,25.462049160100957,12.999075283864546
2001-03-28,16.909767478395203,-38.30185390022199,25.791747120495405,12.495227146806423
2001-03-29,17.25813810571549,-38.14093891357945,25.354126816786657,14.717438726681063
2001-03-30,15.94776611527371,-37.67727464879429,26.061919795144096,17.36853924142381
2001-03-31,15.854560882457179,-38.697493719265054,25.4593408374435,16.79919881012319
2001-04-01,15.708798582477739,-38.658941255403406,25.97266393955016,17.279049819997557
2001-04-02,14.207523748467185,-39.82414268392966,26.892273011542425,16.416910678402886
2001-04-03,13.599879651440808,-39.50931169536055,27.620447249726652,17.229273495991183
2001-04-04,13.122499410023762,-36.286089227829535,27.409464700128005,18.067202443887922
2001-04-05,12.327495782242014,-35.13740082050648,27.929915162256126,16.195726554849646
2001-04-06,10.572932149458213,-34.91526854541302,26.93686838068407,16.77418046652196
2001-04-07,10.344278094167434,-33.110897105483126,27.798177928443664,16.423138956428353
2001-04-08,9.809353869122331,-33.74474547063464,28.620238286191196,16.43347712135926
2001-04-09,9.407018492105825,-36.871822116481326,28.073648002205605,18.041834858131455
2001-04-10,10.780034278230394,-36.94774617885278,27.454335714464847,17.550932970955383
2001-04-11,11.765278152420924,-37.16667571664956,27.491545068803827,16.44641841660494
2001-04-12,12.73638504901049,-37.69322738662478,26.84237913316879,14.176792558440953
2001-04-13,13.224835245702838,-36.06164588221549,27.39098575776582,13.705844752356768
2001-04-14,12.844336038536728,-37.057940836657856,25.33341877903452,13.90061281958489
2001-04-15,11.588224151008015,-37.69285358988544,25.80080010983925,14.341340500146012
2001-04-16,11.96522187523205,-38.73942926508863,26.91675531932297,14.990748013576177
2001-04-17,10.035138698657976,-37.850575268484114,25.82248077062913,13.99981734606984
2001-04-18,10.811479144538756,-38.08340699128664,26.48120427700134,15.418627677052669
2001-04-19,13.59726819970058,-37.70106200716654,25.890740532311067,15.845248346862316
2001-04-20,12.26079860724935,-39.487925391958036,25.60895069437377,17.5937807830388
2001-04-21,12.4292155642426,-39.69892877339094,25.54270214615952,18.960053436468254
2001-04-22,12.685311309207918,-39.145033590238995,25.527834794578077,20.269378141734997
2001-04-23,12.732041811156455,-39.01216859771099,22.922931297413434,21.64092024419002
2001-04-24,12.80244779023931,-38.8004992950741,23.389485886542914,21.92691577008295
2001-04-25,13.325575756476116,-38.504436956325485,24.7490521092955,22.787704309430243
2001-04-26,14.245814219617376,-37.454326638821996,25.435187071538664,23.021290877567125
2001-04-27,15.002827314527282,-36.260365417195786,24.3290380312323,22.22538331637482
2001-04-28,13.290346345262963,-37.0937183316678,23.475300744869326,24.222577208062248
2001-04-29,13.515223807132354,-37.38617101758955,22.172594256277556,25.032183064311536
2001-04-30,13.576633367014432,-37.10575958384432,21.22811497035863,24.138546364372154
2001-05-01,13.735733835230718,-37.289055309586885,20.124825173395422,23.32772131311659
2001-05-02,12.664283785672229,-36.529791101472995,21.232689398675603,24.62152722681976
2001-05-03,12.423987435421,-36.20836921844918,19.681602299686304,23.354573494025978
2001-05-04,12.121534940366546,-36.896140112135384,20.150764684768994,21.957059130124694
2001-05-05,11.613193039196311,-36.50497528510205,20.625360691088897,21.97827003545959
2001-05-06,12.889457341658453,-35.96908624152303,18.958902885100823,21.618262150740485
2001-05-07,12.878634922563847,-34.45957848123471,18.946603853839726,24.23446446643101
2001-05-08,11.968653072931502,-32.38051540488758,21.444438917123918,24.671112328183366
2001-05-09,11.585580016750042,-33.647648997679646,20.713532882354297,25.913633224185173
2001-05-10,12.49822980046454,-34.883580694315775,21.088336019349093,26.3341204154501
2001-05-11,12.806199904524112,-35.712224913860325,19.72428592601483,25.994826483010844
2001-05-12,13.979953606407685,-35.35786666129202,20.053004529909828,27.061966996617734
2001-05-13,14.981410586550684,-34.246871554653545,20.97105327495603,25.81693516193152
2001-05-14,14.383883716632752,-35.07329702089496,21.98883707316042,24.38921478687634
2001-05-15,15.269416182233886,-33.880378248807126,21.732930921456376,25.02877442173457
2001-05-16,13.27767171481137,-35.08424771476761,21.07362782905687,23.93053088128677
2001-05-17,13.005194056471586,-34.47514405360354,20.257349836297607,24.830688473286674
2001-05-18,13.638075822493464,-34.355859711367,20.088205203554697,25.561623064810444
2001-05-19,13.146862617123945,-34.26032844612878,19.481137737888698,26.404099094169933
2001-05-20,14.136170462284728,-32.16579781028847,19.10024991047687,25.851686302513944
2001-05-21,14.279521118631983,-33.40314970572851,19.66377053601161,26.027820598713028
2001-05-22,12.97965165613797,-33.83525964063977,19.213496275610108,25.165703731516267
2001-05-23,12.196064180210056,-33.055424327842985,20.098265910892774,25.818187720960466
2001-05-24,11.461167155610994,-32.95216361236554,21.781573072598327,25.031204026111094
2001-05-25,12.336453220698704,-32.45059375201657,21.94529084275703,26.14360030061782
2001-05-26,12.172762311258325,-32.879403845271845,22.6824076808687,27.2530652959978
2001-05-27,11.786313826079434,-31.833574934966354,22.08655413829344,28.266415781875093
2001-05-28,12.024066869037215,-33.600250930438904,19.97037871991916,27.66778437504243
2001-05-29,12.396596042246223,-32.22394757496617,20.09552412742256,28.411510968429706
2001-05-30,13.624759441436199,-33.421404660739306,20.77413840000383,27.169388402965822
2001-05-31,12.687860105211124,-32.749532667496,21.123019974635614,27.24807823811943
2001-06-01,12.361763715061048,-34.30412193709634,21.509952944670577,28.135948810056536
2001-06-02,12.04939304187918,-35.45990284065747,21.183220935991145,27.778696120581113
2001-06-03,11.434837555805915,-35.20389414492288,22.653814605084865,28.620349889761243
2001-06-04,11.52604674624744,-36.70980926751671,23.12703108436427,28.09828942342544
2001-06-05,11.515085108752544,-34.93392312796671,21.007338069311796,29.503835471645797
2001-06-06,11.895385515380585,-36.153176640204144,21.331832498710263,28.44456235723645
2001-06-07,11.759062927332288,-36.17078952003541,21.555049029516013,28.700501525692903
2001-06-08,12.687910483093226,-38.367055418330786,21.325964050740847,27.41669989840662
2001-06-09,13.414160800487927,-35.96629278815224,22.02814177808106,27.01938485908186
2001-06-10,12.648209726674997,-35.34334850436354,22.91196405480979,26.958339375800257
2001-06-11,12.286785407616875,-35.48502500264105,24.2838656854998,27.57040408102346
2001-06-12,13.729873352701741,-34.81357902175102,24.728619720689522,27.590169464940637
2001-06-13,13.428548128919495,-34.48787373712608,24.942341837740845,26.54688162792618
2001-06-14,14.360808427582631,-33.086841327623524,24.390928397400057,25.325336973155046
2001-06-15,12.949046847831859,-32.50283170323352,25.491081296108085,25.630521693839412
2001-06-16,13.31016232587546,-34.03305664589359,24.10298934877656,23.641671609180555
2001-06-17,10.558907834118193,-35.1153783410028,23.851097952545143,24.758487092914194
2001-06-18,11.047248219685303,-35.15603200512838,22.418466563106335,26.002744832373203
2001-06-19,11.839712972605641,-36.30002881097452,23.088456971036948,26.069235486589832
2001-06-20,10.987761843708341,-36.514386215305514,24.9887572139816,26.737502308815163
2001-06-21,11.011012452435203,-36.467233698568606,23.231111878841958,26.505504356528917
2001-06-22,11.137424785883072,-35.25075578033354,24.44128015439317,25.256643679876422
2001-06-23,9.766327907494905,-35.26430186969162,25.380434411076976,24.062917912088565
2001-06-24,7.930134181340134,-35.930678906241695,25.593277362297183,23.47818091307245
2001-06-25,7.6243000708478235,-36.88967782237296,26.337273771265814,21.754179508033953
2001-06-26,8.47202407857504,-36.947316516666106,26.920941299000035,23.02552744214944
2001-06-27,8.139556219155082,-36.979510799946766,26.504552282231405,22.52317011898543
2001-06-28,8.27265608662849,-36.263599006740826,26.51385059500583,22.136768487024206
2001-06-29,7.555823945070848,-37.24093980083978,25.417753073493436,20.58499061865773
2001-06-30,8.155469085021627,-39.59873465667305,24.246452963739316,21.68372750031443
2001-07-01,8.055671058504311,-40.13175636692188,24.148560386086025,21.499436088672603
2001-07-02,7.997147609797836,-40.07231582718765,23.90692727288246,20.285750715407865
2001-07-03,8.361818182339665,-38.25819382271184,23.268480722095795,20.57664343473785
2001-07-04,9.051140008808659,-37.849614281509375,22.719122468505393,21.447376208461336
2001-07-05,8.63297508668981,-36.96981115802652,21.385953707115533,20.20500535074353
2001-07-06,8.975045370377721,-38.23145250298404,21.274072295897827,21.81349598526138
2001-07-07,8.078701470343,-37.6297294349395,18.470403632251653,21.278883228396012
2001-07-08,8.72490432150938,-36.65485701323192,18.875924931146518,22.643396071510995
2001-07-09,8.802621736759,-36.98304329259229,18.587211706940142,22.239537701514912
2001-07-10,8.90083053072919,-37.51080364865924,18.749849076092982,22.458087424304747
2001-07-11,8.1276277824545,-35.52894430019283,18.971534766271606,20.824780517364104
2001-07-12,9.7062417805883,-36.37467184643196,18.35014964468271,21.357154243616996
2001-07-13,9.012350874707053,-36.3238253087144,18.174935235816527,21.150391644323857
2001-07-14,8.7677599865139,-34.66095910927573,17.361797249618878,21.392253936050125
2001-07-15,8.316965751532356,-34.48070378024284,17.75566765436242,21.90248645526691
2001-07-16,7.478278690976501,-33.57854630247614,16.578195036983594,22.173777706260196
2001-07-17,6.010697477600696,-33.82238929265249,16.738979981730246,21.82062760603854
2001-07-18,5.75210225607444,-32.89589969822012,16.41380657081744,23.962434515892184
2001-07-19,6.054929712325444,-32.458441056351475,17.253354158441457,23.82292189453298
2001-07-20,6.406252201969089,-33.92727244048409,17.042395410523866,23.184232125834495
2001-07-21,5.912848868419086,-35.405462442426696,15.69523746391828,22.70736513946809
2001-07-22,5.592288886935352,-37.80414827033131,15.278840554225976,23.826627152075226
2001-07-23,4.043778947813573,-37.91823691081556,13.916685185104283,22.705764489968008
2001-07-24,4.788836278829059,-37.38835826296096,12.596162066342256,23.091088005608828
2001-07-25,4.070870387643805,-37.93760923840069,13.712076063856333,23.130845203735927
2001-07-26,1.618878683782539,-38.988247504428294,13.214422874411769,21.610221539349375
2001-07-27,0.3272830856379778,-39.95205917022614,14.701953432963624,19.925059733230448
2001-07-28,0.9803469801252438,-38.71945894396398,14.612128751058634,18.931702676821217
2001-07-29,0.776892617037571,-37.95066780805042,12.823806535851636,19.01244003493234
2001-07-30,1.0441817022727358,-37.446713489656574,12.050931548316544,18.706708607867
2001-07-31,1.1372761834633414,-38.4318369194235,13.33219588605903,18.697219255055963
2001-08-01,0.7468793843962522,-38.14417826440557,12.407368725314718,17.19254963199985
2001-08-02,1.304144791815761,-38.01122553479497,12.965571965565536,17.854141387216487
2001-08-03,-0.16770199114727324,-39.16152255635643,12.4238183330109,18.8459714247004
2001-08-04,0.5174780264260913,-36.8603191784829,12.294504952844775,18.7741070311789
2001-08-05,-0.06997867231775257,-35.29928846002767,12.32018165328739,18.17961465446462
2001-08-06,0.014157804650600223,-34.5732828837239,13.812480196461843,19.330245232101596
2001-08-07,-0.06961879276887109,-33.98559957142848,14.188407172659726,19.069533871214784
2001-08-08,2.39944172585713,-33.84707141383684,14.344155197323541,16.01463717950822
2001-08-09,1.729273272752671,-33.94453877756806,15.658363793044774,14.572358447492116
2001-08-10,1.0535791392844347,-34.28363273518663,15.306139100425254,13.893912961299696
2001-08-11,0.44360100325522833,-35.788069231736195,13.908873172695872,13.713914018181992
2001-08-12,1.2642872976305748,-36.607289064123115,12.512529642272662,14.413675705209359
2001-08-13,0.7140513634597038,-34.87905411691538,13.248780345794204,14.680174004813143
2001-08-14,0.00931057001106761,-34.05891629438704,12.650724768223489,13.698026561147802
2001-08-15,-0.33118953198882645,-34.49429141820749,14.678663565792522,12.678067793500603
2001-08-16,-0.02719659824963888,-35.705764897964336,14.542398185553784,13.010337086466397
2001-08-17,0.037851342066957075,-35.78328395597343,14.947015237771069,14.89960823618115
2001-08-18,-2.3931635381875562,-35.62767587839229,16.409918031011216,12.330829741876293
2001-08-19,-2.2440376489818283,-35.72395338033996,16.16826676454964,12.717498152822523
2001-08-20,-4.397961823877301,-36.5104042277211,16.06215484255448,13.33689286202037
2001-08-21,-4.584303881701866,-37.26293206400288,15.00332711741785,12.231478042922214
2001-08-22,-4.653358760522342,-37.31486457191373,15.05519145434981,12.43528064295902
2001-08-23,-4.144661866144093,-37.81844623645174,15.017639592261855,12.215672619814328
2001-08-24,-3.866821949291805,-35.16088845513982,14.555934439088622,13.151527316388409
2001-08-25,-3.48203835563213,-34.10099934533845,13.551378019595978,12.234935971530401
2001-08-26,-3.7012368161880587,-36.10769019310151,14.423828591291866,13.828706121078534
2001-08-27,-2.8442389033181468,-36.723937038126465,15.037878952133358,12.496086085102927
2001-08-28,-1.8931046932940685,-36.677125533508004,13.394698153621494,12.511124272660684
2001-08-29,-0.3831556694234308,-36.406652180670115,13.730244596279304,12.705162670227352
2001-08-30,-1.140674941214745,-37.346057465452034,14.713514053126337,13.067558731672806
2001-08-31,-1.2087981532395689,-38.43052502844527,13.937269973118925,12.64218076239417
2001-09-01,-0.6148748256968104,-37.17595279340277,13.146423206112805,14.03697684000424
2001-09-02,0.02490545651833187,-36.89352187095302,12.794004662988819,13.330058644217438
2001-09-03,1.3466402428747513,-35.72868117232969,12.680378661328334,13.015033793306436
2001-09-04,0.46093723180578616,-34.41365809087766,12.549250778963895,14.352255703054084
2001-09-05,0.9415407442156836,-35.15367255540865,12.868416324231022,13.44737761988791
2001-09-06,1.3467437803527793,-35.80912792910649,14.188378644729305,11.517606134423996
2001-09-07,1.5068395180431966,-35.619288413885755,14.63745420520127,10.882451187347165
2001-09-08,1.5178987089614984,-35.536778455926104,14.790682033078824,10.215354250932611
2001-09-09,1.8354829975031168,-34.112723642904456,13.625208216246035,9.527725113482104
2001-09-10,0.9222450979561462,-35.05869154487504,12.681188399256104,9.9137265260156
2001-09-11,1.7717575462716146,-35.50325552190095,13.03763306798934,9.935717402017412
2001-09-12,2.976199709535952,-35.953621257996005,12.522312215093283,7.590122300813119
2001-09-13,2.7315319416231323,-37.15699348153784,12.058533569829846,7.154046540179244
2001-09-14,1.4357004110875937,-35.91887675260751,13.3799489497783,5.277097802790187
2001-09-15,2.41580296623453,-37.23453797208803,14.936785545032013,4.396024008760046
2001-09-16,1.8892266970777696,-36.788432046416624,13.635592152783115,4.6776135748790075
2001-09-17,3.436584031251982,-37.754054040704474,13.530988434477228,4.474939978430983
2001-09-18,5.339572002229357,-39.985659746384826,13.967313885189661,5.7189393179183
2001-09-19,2.703541289079512,-41.340109514378646,12.327339727126029,5.502629796332855
2001-09-20,3.864418764170572,-42.15788147387581,11.840255440825992,5.307133593218508
2001-09-21,4.33508492235535,-40.370722968087,11.727627929393707,5.730271443454895
2001-09-22,4.842943132649547,-39.37941278328197,10.472003333586303,5.621000525311295
2001-09-23,5.172408192488603,-40.243973767074415,9.641025868069478,5.455910597143861
2001-09-24,4.541490784146564,-39.706937980311906,9.95023998939939,6.907481230113072
2001-09-25,4.15711328427959,-39.09981150360281,10.039348072363488,6.805286857434686
2001-09-26,4.17511715622332,-39.21476727483398,9.554678449077837,7.057199925378426
2001-09-27,4.1366543668511575,-40.98215403835572,9.459104974000548,6.803923369732914
2001-09-28,5.146808209800042,-39.86807692384721,9.511805301704054,5.935318629925872
2001-09-29,4.794331787256127,-40.68669770289749,8.340960867573703,6.8765573663056845
2001-09-30,5.5190454334861085,-41.45029600367636,9.171870534495792,8.269546244334592
2001-10-01,5.157884676877146,-41.69303543510874,10.03376150679202,9.48459345570707
2001-10-02,5.298308827654118,-40.806358684817695,11.800679293749155,8.596004390343566
2001-10-03,4.109025533155465,-41.726098817595286,13.020666216780898,8.051551894295999
2001-10-04,6.139617059914574,-43.20368555875917,12.739274347682404,7.09705896034352
2001-10-05,5.593021713757117,-43.567622194435245,11.617630716497601,6.678983233553436
2001-10-06,5.367543751325795,-43.18392374098785,13.092300825510712,7.964533973520059
2001-10-07,7.311443694354207,-44.066492175212325,13.593679498550241,8.44723812854171
2001-10-08,8.20112567609432,-44.13188285096144,14.050811296454532,7.287493137619251
2001-10-09,6.4572673957451645,-42.642423753655386,13.34624924400918,8.79482694527108
2001-10-10,6.076687531551048,-41.52578898911533,12.948407750811116,7.500452996256282
2001-10-11,5.538744029317194,-40.80800153133967,12.859631207000831,8.535475104938756
2001-10-12,5.3610660548360025,-41.61955415034878,12.02527493115123,8.028553320961663
2001-10-13,6.133918369579403,-41.37720126471472,14.243762519741274,8.826606008763775
2001-10-14,6.453204801595193,-42.66176997259399,15.439422340218732,8.820475902703174
2001-10-15,7.47214683110348,-41.89254024449315,16.960329751498108,8.897375879308871
2001-10-16,7.18640943834083,-42.178970459751376,15.540062500462732,10.686327964561322
2001-10-17,6.016978720800973,-41.81642482085055,16.19036191654374,9.138333843035241
2001-10-18,6.947328200093207,-42.80843322916139,17.805009419777974,9.031536497310844
2001-10-19,6.699102450240334,-42.657444357712244,17.021852181448626,7.255097855077627
2001-10-20,6.6708359017410634,-42.4979683391402,17.58495331522887,8.823058387492507
2001-10-21,6.6844799175202985,-44.74213314170968,17.69017452652499,8.908033048763311
2001-10-22,7.364983011073814,-45.25429060066739,17.709223585604004,10.338708095236017
2001-10-23,6.300862341986216,-44.215568784690646,17.512685504259665,9.877885475522337
2001-10-24,7.005833911118074,-45.34232118630245,17.5269015953417,10.078252732714757
2001-10-25,5.913456847632929,-45.614613702149256,16.311883381860248,8.980506256539947
2001-10-26,6.616043654085833,-45.336688379773086,16.979180264204835,8.615166244529066
2001-10-27,7.5582048620548665,-45.689092306330494,18.975554459135232,7.551358479308351
2001-10-28,6.46243443380544,-44.13661950971736,20.012938014387338,8.090058653996566
2001-10-29,7.51421251632842,-43.773900261559,21.079201487156414,7.346805514640618
2001-10-30,7.148945183998841,-44.18640087999442,21.76388816316856,6.533705177385003
2001-10-31,7.038913811203016,-46.15886777152408,21.702047741532887,6.8146118756882474
2001-11-01,5.9799219516072295,-47.04011881162526,20.32827748804154,7.2969421871994165
2001-11-02,5.133483094729173,-47.500394537089015,19.43137495814294,6.07756318305274
2001-11-03,4.577060395160619,-46.98683002991129,18.56336327685179,5.92588645835371
2001-11-04,3.7221581655848426,-46.857649926370485,19.55743557006496,5.758169437481513
2001-11-05,5.015875874951639,-46.362852052434945,18.452269748414267,6.3571658536549664
2001-11-06,5.751503826879891,-47.376070153354576,18.161306656984173,5.428802626658577
2001-11-07,5.470208046360242,-46.652860431415874,16.181216475893464,6.824715076974593
2001-11-08,5.189321412976324,-46.57197488318401,13.379152730280596,5.854171650398055
2001-11-09,5.484705142270373,-44.955477596822796,13.827637910614351,5.619912872851229
2001-11-10,6.29637052094286,-44.71850406328515,14.610011057166888,6.8357830691690555
2001-11-11,4.758750424456367,-43.85114889629397,13.491048677166562,5.7803119667479415
2001-11-12,6.36445769417845,-43.80688256589477,13.181969945805463,4.023822327408067
2001-11-13,7.985250950986345,-43.57855394537699,13.399137699939137,2.6726960017357877
2001-11-14,8.68669708743678,-43.07124863651578,13.026802200756144,2.1936674805866114
2001-11-15,8.54256180485771,-44.26186340917044,13.437041852408171,1.9218389952037094
2001-11-16,9.00920307361821,-44.962608955413636,12.872396833473337,1.362002009253772
2001-11-17,10.21203576512829,-44.83159343402509,13.211949768492248,1.2677671635613599
2001-11-18,10.710889494026569,-44.876594264794186,11.812899778129422,1.0388506447881953
2001-11-19,10.505495067414172,-44.70178743390942,12.683627122277635,0.02159600354939939
2001-11-20,10.686137801732622,-44.893423566303845,12.63733799036392,0.4181533730486791
2001-11-21,11.552385725396903,-43.85527420918519,13.280235709684586,-1.1296258735304978
2001-11-22,11.093465009481019,-44.27506487590231,13.166772433125495,-1.5899265081010927
2001-11-23,12.040024175344648,-45.10096931020863,13.504226450983602,-0.5716002275080352
2001-11-24,10.480969077611404,-43.95793812467337,14.022699910963345,-2.273481206908929
2001-11-25,9.48961366773644,-44.076212252510814,13.651511374924363,-2.801023175329543
2001-11-26,9.386217778291698,-43.28005160126655,12.722372579464777,-2.1754645109464223
2001-11-27,9.735525153109485,-41.93577052708753,12.948201557260104,-2.0135389902010954
2001-11-28,9.26192268638071,-40.11401194286533,11.873947437198437,-3.65477997152749
2001-11-29,9.816751818366281,-39.420865593578014,10.863689753035903,-1.8955937313804254
2001-11-30,9.574711441716865,-40.69942344229877,10.065922625640768,-2.81727428613208
2001-12-01,9.367065373840488,-39.56632698259267,9.650310059385914,-2.819554273841879
2001-12-02,8.436608654699027,-38.268588721897935,9.499282757134486,-0.6756685107331903
2001-12-03,8.332866952519025,-37.30291526709198,9.42810365451172,-0.4477462511227439
2001-12-04,7.536525254084368,-38.05396497740254,10.02983422437016,0.5221077057077306
2001-12-05,8.095446455035141,-39.35565807684788,9.371891141959635,0.1944126192231202
2001-12-06,7.3856830141688095,-39.790269682230694,7.311697455452737,0.9546953237889355
2001-12-07,8.150062628174949,-40.21202165845935,7.338948590602481,-0.005742323464841048
2001-12-08,9.43423308549778,-41.13802279511038,7.25783306097862,-1.7677931779078744
2001-12-09,9.559492395320227,-41.11248878720461,7.906341141071108,-2.0304741042517325
2001-12-10,9.020326171071847,-42.59385940894226,8.302778605584365,-2.923524689199187
2001-12-11,9.868711745509309,-42.50849461445409,7.537931855903215,-2.7936582370534095
2001-12-12,9.053568386689495,-41.27354601897433,6.483797495209315,-2.847758833879527
2001-12-13,7.773518936531371,-41.61064241543946,7.751161021623973,-6.352873774579025
2001-12-14,6.240402409144363,-43.07274518802191,9.060710239310971,-6.30022037782254
2001-12-15,5.57269581248881,-44.54725576173866,8.195406147187606,-6.208454510179165
2001-12-16,6.645272054209641,-43.742701024056345,9.890038503681822,-6.620724516211678
2001-12-17,7.899916251479039,-43.939120570383764,10.039574285209726,-6.184042562162993
2001-12-18,6.337357387395992,-43.47011990901115,9.56279934496453,-8.504444468946431
2001-12-19,5.128378909132048,-43.309465117752715,10.123139351611899,-8.36517533775611
2001-12-20,2.9521618953005957,-43.14854486539438,9.650559983012366,-8.070505324851455
2001-12-21,4.197921443197369,-41.84078919560653,9.990678452851904,-7.80128738685692
2001-12-22,2.5251167391241847,-41.941482252571106,10.24935933729723,-8.861718910477725
2001-12-23,2.778256468290069,-42.04664464187621,11.31700693292337,-6.7673536947882535
2001-12-24,3.0036245235259798,-41.824922156911335,11.309952021047147,-8.223844853190096
2001-12-25,2.992817638287572,-43.307382809750486,9.994676228453494,-7.340019776692238
2001-12-26,2.785460312923309,-42.99301166134716,9.873637972054928,-8.479449335699686
2001-12-27,2.793802902247731,-44.19313227782817,10.26631884990101,-8.748391593230862
2001-12-28,2.6866914086011953,-44.2842364281017,9.084218462256882,-9.44879838082267
2001-12-29,1.39507909638648,-43.35403037501215,8.50967154288777,-9.101414882023231
2001-12-30,2.2860545078157766,-44.32249184100225,9.68132863930024,-8.817852611946144
2001-12-31,0.9958940267449445,-44.52984897901341,8.806378950452489,-8.885479445364904
2002-01-01,-0.14234143593346316,-44.01396175482039,9.326991737089724,-8.735499307609798
2002-01-02,-0.3055359370734997,-43.74564592327326,9.000819892187163,-8.569074078881307
2002-01-03,-1.3902570889080237,-42.22739669883589,9.016009623528353,-7.526388147347403
2002-01-04,-0.3776782892487274,-43.28515244318508,8.074128472254836,-7.02395470104258
2002-01-05,-1.3904281051357332,-44.67360127225971,8.176563995709694,-7.865427021936994
2002-01-06,-3.9316693446449644,-44.95513863536558,8.673049699537074,-6.2964621302169235
2002-01-07,-2.8108928686510195,-43.08931691980176,8.435261979110951,-7.029604912183334
2002-01-08,-3.162897012644827,-41.10484220779436,7.127332082176018,-5.612266278590342
2002-01-09,-2.2316228784074115,-42.95921880742027,6.027844622245814,-5.706353671662666
2002-01-10,-0.6849129702760188,-43.38910055010704,6.9063344909091855,-4.677644997783494
2002-01-11,1.0283720182632228,-41.5736898002464,7.460685666109967,-5.211859315642104
2002-01-12,0.9568224546852578,-41.168447005165575,7.573481024080929,-4.082908797523671
2002-01-13,0.7615878348778523,-41.69438746295858,5.658196711796584,-3.783397732031215
2002-01-14,0.4580054507937066,-41.97280838097449,5.1952391222406495,-1.1039295356355359
2002-01-15,2.4645395882004344,-42.04989298629971,5.198123639225878,-1.0581752823055584
2002-01-16,3.0290277000096277,-40.252353469103035,6.410479629122962,-0.2904273174099383
2002-01-17,4.767350767274053,-41.97246066929575,4.758878130948564,-3.387728334301727
2002-01-18,6.326482937438693,-42.63956978240948,3.454637206465267,-3.7546798411422477
2002-01-19,6.922730195085444,-42.62828493764127,4.194743202928659,-1.5923493767414816
2002-01-20,7.969797675967398,-42.52020663638683,3.6194088001162408,-2.3398830658556116
2002-01-21,8.516268652483284,-43.20018122377524,3.464318790924838,-2.2035322951068546
2002-01-22,7.947934868153141,-44.10042343821444,4.147501159255775,-3.1438995537281547
2002-01-23,7.031330374582271,-42.31950921289225,5.672085678081498,-3.7327075404494465
2002-01-24,7.415178820887877,-41.19532358249458,5.562739808293325,-3.2886324968892544
2002-01-25,6.387491019174082,-40.00879475152965,5.43350894936556,-4.7802018741561225
2002-01-26,5.673836666787124,-39.57109102881904,5.36345362710033,-4.110389621976832
2002-01-27,5.885150277205161,-40.44192420612471,5.427735331270041,-4.652946854635443
2002-01-28,5.6095507491017065,-40.51289640963569,4.231375766867514,-6.857432597209311
2002-01-29,5.957922870768237,-40.86661426967401,4.608709940496952,-8.369476167843748
2002-01-30,6.149696064641781,-40.60925397058047,5.887098218954732,-7.399071606913573
2002-01-31,6.732131623390906,-39.6107334277282,5.531242017909109,-5.292435264831211
2002-02-01,7.572630796909102,-40.43134919732638,4.2600542878906715,-4.7867431846137585
2002-02-02,6.730905955738224,-41.04401974297271,6.108135650367781,-4.732265951254145
2002-02-03,7.997191445258998,-40.56920745522583,7.750246143147101,-5.679340627766072
2002-02-04,7.9799679065691755,-40.5510883922307,6.115918881020142,-4.693014963228713
2002-02-05,6.994635944242351,-39.794420152408556,6.998924814778124,-6.216579772656533
2002-02-06,7.9919773955601,-39.8507224366569,6.797225729807491,-7.065719193066143
2002-02-07,8.162380744822757,-40.71388707917542,7.223194723948565,-5.843908740269316
2002-02-08,7.469469961436573,-40.71740093853252,5.797585796101062,-6.167835351712572
2002-02-09,7.183876413330266,-40.27839256858472,6.635420761053947,-6.726336673743236
2002-02-10,6.655768738775715,-40.060307991570475,6.702199835442551,-6.265531631269346
2002-02-11,6.151520416965565,-40.32639266138035,6.89974604713039,-6.289922161744962
2002-02-12,7.55515101054213,-40.83320654199198,6.033375100220251,-6.813475943719042
2002-02-13,9.712055593957496,-40.21127208702753,6.416070949676405,-6.506458650054721
2002-02-14,10.553797707741793,-39.87197835387584,7.11378342743562,-6.3432610011681545
2002-02-15,9.77031667533858,-40.06358588401734,6.640114525568237,-5.9994531935349045
2002-02-16,9.15460605911382,-40.86259557328967,5.478051552831621,-6.306881594479987
2002-02-17,9.046407781438006,-41.92916579847825,6.315740676772379,-5.222807968343956
2002-02-18,9.079046564443164,-41.41405958336009,5.493452314721991,-5.553009097068846
2002-02-19,10.311824002074937,-43.275657557233956,6.371977975573307,-5.808384033994271
2002-02-20,10.346098572359907,-43.39737781980799,7.428346780984834,-5.819074096457784
2002-02-21,9.805588377481676,-42.98378465451344,6.60505045938419,-6.144371300255107
2002-02-22,10.462188545332417,-43.17169724588325,5.799333683910431,-5.4153275078924255
2002-02-23,9.577420529323202,-44.28455133153416,4.965585178547557,-4.761600416412938
2002-02-24,9.579698497629593,-43.23214990809303,6.7111415691471406,-6.497204653079857
2002-02-25,9.502923542719993,-43.62280630155931,5.971958284916654,-5.386174746594259
2002-02-26,9.369143669067464,-44.529811291474616,4.614794856246051,-3.9467620577121343
2002-02-27,10.262814704930449,-43.91921056410638,4.400269513369692,-2.9301110636212364
2002-02-28,10.88966575475995,-43.71453818643187,2.84283464748969,-2.5031014504996483
2002-03-01,9.484343728291826,-44.3174410304359,3.9498893712123757,-2.374955639796862
2002-03-02,9.200792985886803,-44.55847518968591,4.275621887199814,-2.0175609286566885
2002-03-03,9.364971425522905,-44.737729680306984,2.9719819171071107,-1.8113196990560594
2002-03-04,9.096690096157518,-44.39882424923789,5.335206299481424,-0.732807140527953
2002-03-05,8.565664809230164,-45.84006662380924,5.276188558389933,-0.8336954276401985
2002-03-06,8.213063018522009,-43.541546422197236,5.547215820137593,-0.31897869133053314
2002-03-07,8.685681737930206,-43.34256856562488,6.023914084390156,-1.2013403481495946
2002-03-08,6.7479576519163516,-42.99740067055416,5.3839409957144895,-1.5776713909038564
2002-03-09,4.741950241547745,-42.33241650777079,6.299936514126641,-0.6905282713204646
2002-03-10,5.089193938955174,-42.45717511506899,5.983043004700785,-0.9415648890998571
2002-03-11,5.726213926655043,-44.484097225361204,6.16409352186609,-0.99157795423485
2002-03-12,5.919749364884131,-43.137635983415585,6.4735024524313465,-2.3172406587665417
2002-03-13,5.864569079679675,-43.20614548736475,8.021252020113922,-3.3793370852735363
2002-03-14,4.941518355800197,-43.09815186598992,10.171014460989975,-2.224058464937926
2002-03-15,3.369778903569622,-42.40230667783679,11.200998537324372,-0.7227035933043422
2002-03-16,4.396639607212303,-42.43801651990134,10.761835604566231,0.9455465548850828
2002-03-17,2.9273212833575353,-41.096112076702546,10.358422618877325,1.336882739458147
2002-03-18,2.851696629103632,-40.916513822573954,10.973605267320915,-0.2564199194679262
2002-03-19,3.8941234471266686,-39.62980306501604,12.153623345099207,-1.8009087734612856
2002-03-20,4.007497947834728,-39.44677827170758,13.187682028576074,-0.8996790034275713
2002-03-21,6.619530117547289,-38.94932681138581,12.049376106710577,-0.3488985709025453
2002-03-22,5.178231588184394,-38.11524074874296,13.28737403497187,0.9571942779220745
2002-03-23,3.695962745376296,-37.209525115778,12.578709116679114,-0.2328580652850879
2002-03-24,5.161685325364176,-38.965135758187785,12.952480256749535,-0.7633638742379291
2002-03-25,3.1158220692484866,-37.982006815906324,13.450961098320683,-2.5298358282918256
2002-03-26,4.19754142237005,-37.50990738983258,14.97517652544921,-3.3173384678892814
2002-03-27,6.192969638509608,-38.45566045848853,14.682053944703863,-2.300019657820987
2002-03-28,7.665929476217266,-38.6661386009888,14.612624302371502,-3.510732388694945
2002-03-29,8.311974197725993,-37.9099101367465,13.047627316020407,-3.770936351982726
2002-03-30,8.457317541716673,-38.342495236155834,13.273228405989778,-3.9050716159215835
2002-03-31,8.855636881787,-38.42224682649761,12.008514758253686,-3.1487058302947175
2002-04-01,8.956248908336693,-38.52411439248351,11.917083200969635,-3.3839980913751493
2002-04-02,9.33197631034646,-38.05749132598908,11.791457017907447,-4.292896576813938
2002-04-03,10.058846015350326,-39.04351813759129,11.505879090531039,-5.281508728830742
2002-04-04,8.974197624709731,-39.79866697148968,13.654083713349866,-6.2735119283172756
2002-04-05,8.632881582967116,-39.53040767073635,13.322180638154165,-6.2178573086470585
2002-04-06,7.314287709768701,-39.428019456893864,12.205900343277449,-7.357440724157948
2002-04-07,7.348608194122128,-38.193459879731954,9.945785508405493,-5.783255561047609
2002-04-08,5.863457772011194,-38.3219458839689,10.195251749286014,-8.00553730612003
2002-04-09,5.929260370344075,-39.04503770111411,9.53425662383303,-9.301582282125175
2002-04-10,7.79309976720091,-38.679794004805224,10.685431575067916,-8.55823975269859
2002-04-11,6.65994737489333,-37.549577232529465,9.054136487494967,-7.671056975840949
2002-04-12,7.847484027083939,-37.26092626931074,8.055467211396538,-7.788465836974702
2002-04-13,6.287233292411279,-37.750511489302376,7.71331261725207,-8.218974191724701
2002-04-14,5.518892828682769,-36.662750199036516,7.771664343516559,-6.601418788755241
2002-04-15,5.31668796122197,-36.66655294379095,6.220937784072707,-5.901522500116158
2002-04-16,6.150727673866801,-36.01165688037587,4.722625504254909,-6.393728247468451
2002-04-17,5.6100841489198565,-36.382121549132854,5.903707966616473,-4.992160845356763
2002-04-18,4.76387049624137,-36.78749776488728,6.241675886134581,-4.950750461372546
2002-04-19,4.525015023477142,-37.42164515077074,5.980679748605861,-4.5839676480444425
2002-04-20,4.562199868599478,-35.77777254171121,6.261830178002649,-3.946936665668421
2002-04-21,5.289649613398392,-34.84708520578547,4.753137456895718,-4.652069853620024
2002-04-22,4.881446067143758,-35.63553358384175,6.679080183850671,-5.043782292595396
2002-04-23,6.1163773210780175,-36.77780940475806,7.660853023905265,-6.623341831545382
2002-04-24,5.268901343321186,-37.80387647511778,7.704957037871995,-9.286465524334222
2002-04-25,4.2992703600541375,-37.00462188870785,6.962558050256815,-8.957480707348562
2002-04-26,3.2589914507242037,-37.534865238958524,8.176191686775045,-9.957521627589498
2002-04-27,4.0476538238411095,-36.653928426126754,6.897127523148251,-11.641610384118662
2002-04-28,3.325833233145273,-37.630703174280306,6.9633023323525,-12.937914017183406
2002-04-29,3.761985088109384,-39.83112004003769,6.5521329098961525,-13.371928288109572
2002-04-30,2.160979947746532,-39.51188452764138,7.556235470342745,-15.251476858067727
2002-05-01,2.0733293416123555,-40.4575878485708,8.257462366455128,-15.33703799032353
2002-05-02,2.6305937405348754,-40.01079168605217,9.16399386405751,-17.134279340445715
2002-05-03,2.9307009417297505,-39.50093545741689,8.152123854415875,-16.377837831781523
2002-05-04,3.9554584917270876,-38.36525025314156,6.137327247412233,-15.58058302660844
2002-05-05,2.0413691154765443,-38.15979331873427,7.45553186041287,-14.841752118702635
2002-05-06,1.4569968185851447,-36.502456936043494,8.469388085693572,-14.691140554485376
2002-05-07,2.430617140212347,-35.69752969825333,8.345196852812517,-16.585022927400495
2002-05-08,1.8282002781007813,-35.685988889696205,7.710731205696256,-18.33294295432734
2002-05-09,0.5441357380229297,-35.12461403457928,6.880307969932997,-16.306797128270027
2002-05-10,1.0667690377209789,-34.98619589907294,5.447748030278709,-15.020720015467017
2002-05-11,0.47332075820778985,-33.574855252955714,3.8083014077417388,-15.36770023562803
2002-05-12,-0.11347667750306867,-33.27510072460943,4.308537423997506,-17.8620202106426
2002-05-13,-0.8294333399470897,-32.71915198192548,4.066961145918944,-17.105806935610968
2002-05-14,-1.9576097665510148,-31.395770908955257,5.376861542316378,-17.744553334876453
2002-05-15,-2.0138772065993202,-31.354178290837783,4.652006868622915,-19.10583807550679
2002-05-16,-1.2338328274813897,-30.88948411763527,4.384850411751913,-17.190483592361083
2002-05-17,-1.6354411058642122,-32.256732740646704,4.53100530309463,-17.182996750088464
2002-05-18,-0.5389804401900335,-31.845847537057807,6.238959522593127,-17.038906651557593
2002-05-19,-1.481705536419586,-31.314606904279238,6.840463672977278,-16.52227562635051
2002-05-20,-0.5643730453125466,-31.740730589923043,6.5977631824582055,-16.8002943955841
2002-05-21,-1.316705789333049,-32.44941420128889,7.209342820409553,-16.34676967762771
2002-05-22,-1.1700385128249926,-35.28146040563822,7.302865606086794,-17.438015758409662
2002-05-23,-1.0653658630412048,-34.66767850320812,7.739047239036568,-18.36677655679936
2002-05-24,-0.9832140371429477,-34.694890980037606,8.040616907393483,-16.258514726083302
2002-05-25,-1.9458746002098022,-36.58201564635752,8.412357282913174,-18.100607737466735
2002-05-26,-2.660005929318618,-36.452422005604994,8.626764812672139,-16.72550664312662
2002-05-27,-2.7652738383165385,-34.94260367320468,10.237744369451626,-15.065511366910108
2002-05-28,-2.6610858564607134,-34.23293319249034,10.13426067029382,-14.406001366821519
2002-05-29,-3.0217826402157866,-34.39136644431916,10.137414621137026,-14.94701802575589
2002-05-30,-3.085699644522337,-33.80191161036326,9.799479966415179,-15.802144797516391
2002-05-31,-3.16671180643375,-34.34801765488247,8.981298843474445,-16.011534614070662
2002-06-01,-2.4220754491248715,-35.46275272992965,8.190901835897971,-14.463995320148674
2002-06-02,-3.5232644799101736,-34.59781207960458,7.190348501874345,-14.513135331396
2002-06-03,-4.374199906322141,-34.93055258359606,7.383225726194504,-12.75885375599066
2002-06-04,-3.730315786289268,-35.04744660574762,7.337916490617399,-12.271424287758279
2002-06-05,-4.8456734270154875,-35.249998563482215,9.193979424844962,-13.086379660323855
2002-06-06,-3.8062061843282966,-35.25181971396575,9.330414265318236,-14.939079448500564
2002-06-07,-3.0114880824530044,-34.44569672953067,7.450389368817349,-13.647008090812864
2002-06-08,-2.5898687245648566,-34.14278146456606,6.709411318445932,-15.402817933757152
2002-06-09,-2.3127461107254232,-33.08887035094415,6.582584064783697,-15.346348031775115
2002-06-10,-0.3249949984975329,-34.22101205037848,4.417599546333039,-14.64175173625044
2002-06-11,-0.9951211681183992,-33.18581630234935,6.919448791041168,-14.829556861112858
2002-06-12,-1.6850777366616627,-35.12260126912183,7.127265075834008,-14.947550364865876
2002-06-13,-3.4745788100500437,-35.47005038096826,5.672737341377204,-15.138014884040984
2002-06-14,-0.6552179138575966,-36.698092171108,6.347825288572881,-15.680507163776829
2002-06-15,-1.337194933359899,-37.61039196930173,5.582436354534725,-14.497713349005364
2002-06-16,0.010382224886743119,-35.62804833931535,5.482579900545096,-14.864682134411003
2002-06-17,0.61511888538904,-35.208639899420795,4.233256044218497,-14.177655520152742
2002-06-18,0.806241255292076,-35.14019831523281,3.105053634033718,-14.602405374881105
2002-06-19,0.8102882333261767,-35.123312333778514,2.596616949648266,-13.854973106379495
2002-06-20,1.029887210352705,-34.2172891273923,2.3326215834481903,-12.964365174625927
2002-06-21,0.5695749746419385,-32.04231098935127,1.6331501212640198,-12.766029078867932
2002-06-22,0.3103697958807735,-31.99587169555097,3.497276008053645,-14.786397622930743
2002-06-23,1.7879740241617368,-32.226675597368995,3.2752868073997163,-14.439667935860353
2002-06-24,1.8528224964121554,-32.69112053668184,2.757797519081437,-15.348288257634463
2002-06-25,2.175878321900451,-33.88145054693161,1.6190823328370552,-14.647693917211857
2002-06-26,1.8991550419164298,-32.96102897550259,1.7745501607963994,-16.12660007796693
2002-06-27,0.581610111520219,-32.84610265717453,3.590193565358803,-18.205215871605148
2002-06-28,1.9341857653326513,-33.98194569167603,3.2644419618941702,-15.965309653756746
2002-06-29,2.481848032084817,-34.11056286644285,4.815601707271772,-14.778865192213667
2002-06-30,1.8650448081496838,-33.70701337139599,6.248801309420066,-14.912991149513278
2002-07-01,2.3777941039296873,-34.86329244852014,7.894158217274204,-15.925833934649603
2002-07-02,1.2288695067575393,-34.47495214113863,8.707408609093532,-15.96955490780727
2002-07-03,1.796451076735825,-34.86613481661302,7.067540169211837,-16.180084845791015
2002-07-04,1.0458365434481676,-36.086776090432174,7.457065418228277,-14.484367436756695
2002-07-05,2.3095794768177447,-35.70107214411644,5.512649028938539,-14.592981312775118
2002-07-06,2.4319480276195993,-34.37014817732051,4.370480059206915,-12.921704135284253
2002-07-07,4.390202251371053,-34.01318484999041,3.554536556753438,-14.819259496790126
2002-07-08,2.286317969273407,-33.57124158929901,4.167287770881268,-14.886969556663153
2002-07-09,2.222597128049539,-33.906330712387174,4.99296809860736,-14.739757480607798
2002-07-10,2.3929987959640266,-34.82545687260992,5.852998869343908,-12.916325567055697
2002-07-11,1.9824901102579058,-35.097387168186756,6.261276862428199,-10.958765347166675
2002-07-12,0.8469899167354618,-36.188889055166044,5.39111212953562,-10.061313683352852
2002-07-13,2.0248950421954195,-37.101476886857284,5.1256125702760915,-10.588832708547779
2002-07-14,2.7200979814217128,-37.438236802958535,5.124495060184387,-9.923051904032315
2002-07-15,1.3241508338208838,-36.23065421471283,5.373026876986194,-8.291684410834549
2002-07-16,1.5537112947964615,-35.446195012563024,6.252262541420771,-9.607751528378367
2002-07-17,0.9271664049806307,-36.865763641863765,4.874763738735663,-6.8057309432059405
2002-07-18,1.793728884122943,-36.79722901261709,4.947179238412922,-6.0645048160580535
2002-07-19,1.5547876723679706,-36.840071537790166,4.172342303705885,-7.33506985769435
2002-07-20,0.3490142480268106,-35.478746901742085,3.774574684143263,-8.012360914727143
2002-07-21,-0.3566038238272433,-35.17248282342171,3.307377578732486,-7.651505513780663
2002-07-22,0.5392558782925494,-34.927148947471274,3.731644462847775,-9.553544638036534
2002-07-23,1.6590811436952533,-35.488436205520074,4.146500872797773,-10.168769818715756
2002-07-24,1.78202874467202,-34.465994006385785,2.1606417262195796,-9.56402857104442
2002-07-25,3.5480146617100767,-34.05915425189757,0.9432755789723652,-8.643564191267838
2002-07-26,4.900416859323313,-33.846202897859264,2.344348129956331,-8.537524749500939
2002-07-27,4.130445244608838,-33.799572728955454,1.7697278194552406,-8.136873763358976
2002-07-28,3.3521767708108903,-34.83639860036451,2.425981306271965,-8.52194160145598
2002-07-29,2.44445573722643,-34.821568005991594,1.7371787683670514,-9.987239133284497
2002-07-30,2.1992640156673864,-33.849524875717954,1.6794469696022056,-9.39722158555766
2002-07-31,1.5611567938674873,-34.39108035314759,0.18815158927691567,-9.731190432687775
2002-08-01,2.844015201819957,-34.137924939635546,0.011186947346320503,-8.182302917523904
2002-08-02,4.174993479217933,-34.87037342752505,1.3508856075132103,-7.237379247375004
2002-08-03,3.5876075768266382,-34.12944967178299,0.8773879411890052,-5.9072843999198295
2002-08-04,2.9591829759774773,-33.45289102227258,0.7099185495387098,-5.302890931414059
2002-08-05,2.1630112448782595,-32.2425408344406,0.7154194409833261,-5.26649065386923
2002-08-06,3.1332148736630074,-32.17571226416843,0.591747189858747,-5.717268262573228
2002-08-07,2.7949841913740725,-31.770031527089728,1.5815137831389225,-5.038480670125437
2002-08-08,2.2837125928562347,-32.164060930110665,1.6618694115718247,-5.204095925697271
2002-08-09,2.932058161530797,-29.70401219006569,1.2721590924811705,-7.756573481907971
2002-08-10,4.12144816455584,-28.87084369308329,1.8435065765662515,-8.261641487240107
2002-08-11,2.9778656209456855,-29.55877650268064,0.7099628527221502,-8.628160769911055
2002-08-12,3.8153008933834274,-29.559763540768106,1.655041802442979,-8.956436612201399
2002-08-13,1.7567158374428993,-30.551327667589717,0.9756571560767715,-9.627678314809058
2002-08-14,0.997166628913174,-30.40149295866476,0.8043860297275736,-9.271623594163074
2002-08-15,1.5943008671682057,-30.077509609636515,-1.6838756786474949,-10.337568903222582
2002-08-16,1.81345317594115,-28.52311100645564,0.9567323861224322,-10.50014412991358
2002-08-17,0.4376062946275734,-28.627243360389013,1.1216737244928654,-10.638414233406067
2002-08-18,2.1632679300165565,-29.402365010355286,1.7912223755139078,-10.338246622312276
2002-08-19,3.2207884944419525,-31.5107926995987,1.1886855514572712,-9.831972128157766
2002-08-20,4.215003327488519,-30.130857733326597,1.3263561653436637,-11.055961151273221
2002-08-21,4.345805633255065,-31.80464547781196,1.9276997716554365,-9.399782195878517
2002-08-22,6.845563144216012,-31.57299510841854,-0.5358340004092095,-9.076287031523734
2002-08-23,6.144324537657296,-29.67145832804841,-0.26825451385525734,-8.618839323783408
2002-08-24,6.312770585758682,-29.06874203047349,0.5819572489913524,-7.143485494399158
2002-08-25,5.245391881045846,-28.970481144171647,1.639119816277519,-6.613190144233389
2002-08-26,4.636364991826552,-28.83058255080461,0.609615255989804,-6.32666683876272
2002-08-27,3.679104876779511,-29.273788953884733,1.3739555171698368,-7.360166486754605
2002-08-28,4.364329083730343,-29.297012305100804,1.0512996680519762,-9.092495734592983
2002-08-29,2.823002889619392,-28.657209201913584,1.4864754957083628,-10.763627192794514
2002-08-30,2.2246250302517727,-26.930243912635472,2.007333881776943,-9.605830331250042
2002-08-31,2.442497231846195,-26.175014725794032,2.7746536482909403,-8.158789890026881
2002-09-01,2.8635615927049827,-26.016109352332688,3.1345845782868373,-7.9270151389259675
2002-09-02,2.939389458255067,-25.68251959655488,4.505128435896547,-8.83743065886784
2002-09-03,2.279159946593246,-24.893142195383504,1.8773723180716089,-7.934132624953889
2002-09-04,3.3701305923265794,-26.312972270375916,2.4097633028228307,-6.970014665612312
2002-09-05,3.0653033544375,-25.854782046396064,1.912683202822625,-6.726920994224994
2002-09-06,2.620783650127443,-25.54604162594834,1.3098837263326455,-7.547286192308858
2002-09-07,2.090431933701575,-25.28202358826259,1.2752307489935635,-6.950471058889675
2002-09-08,3.7557096237961853,-26.354258959135045,1.207568384634934,-6.529273550074636
2002-09-09,2.5026407361662892,-25.647584605928472,2.294390946551272,-5.443120071067563
2002-09-10,1.9435132444743424,-24.52113005302215,0.04552068396225861,-4.253407244222568
2002-09-11,2.827841709583537,-25.74516135935988,-1.502364315407767,-5.397521554522097
2002-09-12,4.023014201440051,-24.184050545803544,-1.7712760586002234,-3.995084474376254
2002-09-13,3.049800092821312,-23.317452203571875,-3.071393003592109,-4.058979633241373
2002-09-14,2.7622748291752424,-23.16203429669506,-2.29650035359418,-3.400932452992893
2002-09-15,3.037693495767266,-22.647808076867843,-1.0980377205288805,-2.707824036018743
2002-09-16,4.037035105717,-22.715333682039876,-0.7350607241020614,-0.6666690643196986
2002-09-17,2.9675667933025247,-21.677235948122785,1.8366327347143785,-1.5657191468125102
2002-09-18,3.0006991996123547,-20.536482639006945,1.7651068407732895,-0.6185776049677068
2002-09-19,2.3448515247696182,-20.57324573285036,2.6173413797442397,-1.6964476395212849
2002-09-20,2.9946677458513653,-22.094295931115035,3.8436650436448536,0.5020937906603944
2002-09-21,4.102670415584409,-23.342898749665753,5.449658750294872,0.9386888471490822
2002-09-22,5.624261498050349,-23.61891833651748,6.646702401110268,-0.17840461393746
2002-09-23,5.913408338577128,-23.384007623009435,5.13634352293929,1.2476318092711027
2002-09-24,5.5334420404725515,-21.389651955674267,5.225849032235511,2.6380607953991704
2002-09-25,7.858900182706752,-21.363020169940317,6.080205018326321,2.6318334349524504
2002-09-26,8.2417447609947,-20.009836965136863,5.745585621801488,2.185622250424574
